
{
	"tolerance_1": {
		"total": 7085,
		"correct": 4337,
		"accuracy": 0.6122794636556105
	},
	"tolerance_3": {
		"total": 7085,
		"correct": 5100,
		"accuracy": 0.7196912345678901
	},
	"tolerance_5": {
		"total": 7085,
		"correct": 5717,
		"accuracy": 0.8073394495412844
	},
	"tolerance_10": {
		"total": 7085,
		"correct": 6098,
		"accuracy": 0.8604093154551871
	},
	"deduplication_time": 137610,
	"deduplicated_count": 115254,
	"Peak memory usage": 255.58
}
