{
    "tolerance_1": {
        "total": 7085,
        "correct": 4465,
        "accuracy": 0.6302046577275935
    },
    "tolerance_3": {
        "total": 7085,
        "correct": 5645,
        "accuracy": 0.7967537050105857
    },
    "tolerance_5": {
        "total": 7085,
        "correct": 6059,
        "accuracy": 0.8551870148200423
    },
    "tolerance_10": {
        "total": 7085,
        "correct": 6444,
        "accuracy": 0.9095271700776288
    },
    "deduplication_time": 2470.2041869163513,
    "deduplicated_count": 98182,
    "Initial memory usage": 1375.76,
    "Peak memory usage": 1483.77734375,
    "Used memory": 108.01734375000001,
    "threshold": 0.75
}