{
    "tolerance_1": {
        "total": 7085,
        "correct": 4540,
        "accuracy": 0.6407904022582922
    },
    "tolerance_3": {
        "total": 7085,
        "correct": 5666,
        "accuracy": 0.7997177134791814
    },
    "tolerance_5": {
        "total": 7085,
        "correct": 6064,
        "accuracy": 0.855892731122089
    },
    "tolerance_10": {
        "total": 7085,
        "correct": 6454,
        "accuracy": 0.910938602681722
    },
    "deduplication_time": 5207,
    "deduplicated_count": 115254,
    "Initial memory usage":  2567.97,
    "Peak memory usage": 2817.54,
    "Used memory": 249.57
}